id	word
0	

1	 
2	3
3	6
4	:
5	D
6	M
7	c
8	d
9	g
10	l
11	z
12	…
13	□
14	、
15	。
16	《
17	》
18	一
19	丁
20	七
21	万
22	丈
23	三
24	上
25	下
26	不
27	与
28	丑
29	专
30	且
31	世
32	丘
33	丙
34	业
35	丛
36	东
37	丝
38	丞
39	两
40	严
41	丧
42	个
43	丫
44	中
45	丰
46	丱
47	临
48	丸
49	丹
50	为
51	主
52	丽
53	举
54	乃
55	久
56	么
57	义
58	之
59	乌
60	乍
61	乏
62	乐
63	乔
64	乖
65	乘
66	乙
67	九
68	乞
69	也
70	习
71	乡
72	书
73	买
74	乱
75	乳
76	乾
77	了
78	予
79	争
80	事
81	二
82	于
83	亏
84	云
85	互
86	五
87	井
88	亚
89	些
90	亡
91	交
92	亥
93	亦
94	产
95	亨
96	亩
97	享
98	京
99	亭
100	亮
101	亲
102	亳
103	亹
104	人
105	亿
106	什
107	仁
108	仅
109	仆
110	仇
111	今
112	介
113	仍
114	从
115	仑
116	仓
117	仔
118	仕
119	他
120	仗
121	付
122	仙
123	仞
124	代
125	令
126	以
127	仪
128	仰
129	仲
130	价
131	任
132	仿
133	企
134	伉
135	伊
136	伍
137	伎
138	伏
139	伐
140	休
141	众
142	优
143	会
144	伛
145	传
146	伤
147	伥
148	伦
149	伧
150	伪
151	伫
152	伯
153	伴
154	伶
155	伸
156	伺
157	似
158	伽
159	但
160	位
161	低
162	住
163	佐
164	体
165	何
166	余
167	佚
168	佛
169	作
170	佞
171	佣
172	佩
173	佯
174	佳
175	佶
176	佼
177	佾
178	使
179	侄
180	例
181	侍
182	侏
183	供
184	依
185	侠
186	侣
187	侧
188	侪
189	侬
190	侯
191	侵
192	便
193	促
194	俄
195	俊
196	俌
197	俎
198	俗
199	俘
200	俛
201	俜
202	保
203	俟
204	信
205	俦
206	俨
207	俪
208	俭
209	修
210	俯
211	俱
212	俾
213	倅
214	倍
215	倏
216	倒
217	倘
218	候
219	倚
220	借
221	倡
222	倢
223	倦
224	倩
225	倪
226	债
227	值
228	倾
229	偃
230	假
231	偈
232	偎
233	偏
234	偕
235	停
236	健
237	偪
238	偶
239	偷
240	偻
241	傀
242	傅
243	傍
244	傞
245	傥
246	储
247	傪
248	催
249	傲
250	像
251	僚
252	僧
253	僭
254	僮
255	僻
256	儒
257	儡
258	儿
259	兀
260	允
261	元
262	兄
263	充
264	兆
265	先
266	光
267	克
268	免
269	兔
270	兕
271	兖
272	党
273	兜
274	兢
275	入
276	全
277	八
278	公
279	六
280	兮
281	兰
282	共
283	关
284	兴
285	兵
286	其
287	具
288	典
289	兹
290	养
291	兼
292	兽
293	冀
294	内
295	冈
296	冉
297	册
298	再
299	冒
300	冕
301	写
302	军
303	农
304	冠
305	冢
306	冤
307	冥
308	冬
309	冯
310	冰
311	冲
312	决
313	况
314	冶
315	冷
316	冻
317	冽
318	净
319	凄
320	准
321	凉
322	凋
323	凌
324	减
325	凛
326	凝
327	几
328	凡
329	凤
330	凫
331	凭
332	凯
333	凰
334	凶
335	出
336	击
337	函
338	凿
339	刀
340	刁
341	刃
342	分
343	切
344	刈
345	刍
346	刑
347	刖
348	列
349	刘
350	则
351	刚
352	创
353	初
354	删
355	判
356	利
357	别
358	刮
359	到
360	制
361	刷
362	刹
363	刺
364	刻
365	刿
366	剂
367	剃
368	削
369	剌
370	前
371	剑
372	剔
373	剖
374	剡
375	剥
376	剧
377	剩
378	剪
379	副
380	割
381	剿
382	劈
383	劚
384	力
385	劝
386	办
387	功
388	加
389	务
390	劣
391	动
392	助
393	努
394	劫
395	励
396	劲
397	劳
398	势
399	勃
400	勇
401	勉
402	勋
403	勍
404	勒
405	勖
406	勘
407	募
408	勤
409	勾
410	勿
411	匀
412	包
413	匆
414	匏
415	匕
416	化
417	北
418	匝
419	匠
420	匡
421	匣
422	匪
423	匹
424	区
425	医
426	匼
427	十
428	千
429	升
430	午
431	卉
432	半
433	华
434	协
435	卑
436	卒
437	卓
438	单
439	卖
440	南
441	博
442	卜
443	卞
444	占
445	卢
446	卤
447	卦
448	卧
449	卫
450	卮
451	卯
452	印
453	危
454	即
455	却
456	卵
457	卷
458	卸
459	卿
460	厅
461	历
462	厉
463	压
464	厌
465	厔
466	厘
467	厚
468	原
469	厢
470	厥
471	厦
472	厨
473	厩
474	去
475	县
476	参
477	又
478	叉
479	及
480	友
481	双
482	反
483	发
484	叔
485	取
486	受
487	变
488	叙
489	叛
490	叟
491	叠
492	口
493	古
494	句
495	叨
496	叩
497	只
498	叫
499	召
500	叮
501	可
502	台
503	叱
504	史
505	右
506	叵
507	叶
508	号
509	司
510	叹
511	吁
512	吃
513	各
514	合
515	吉
516	吊
517	同
518	名
519	后
520	吏
521	吐
522	向
523	吒
524	吕
525	君
526	吝
527	吞
528	吟
529	吠
530	否
531	含
532	听
533	启
534	吴
535	吸
536	吹
537	吻
538	吾
539	呀
540	呈
541	告
542	呕
543	员
544	呜
545	呤
546	呦
547	周
548	味
549	呵
550	呷
551	呼
552	命
553	咄
554	咆
555	和
556	咎
557	咏
558	咛
559	咤
560	咨
561	咫
562	咬
563	咳
564	咸
565	咽
566	哀
567	品
568	哄
569	哇
570	哉
571	响
572	哑
573	哗
574	哙
575	哢
576	哥
577	哦
578	哭
579	哮
580	哲
581	唁
582	唅
583	唇
584	唐
585	唤
586	唧
587	唯
588	唱
589	唳
590	唼
591	唾
592	啄
593	商
594	啑
595	啖
596	啜
597	啭
598	啸
599	啻
600	啼
601	喂
602	喃
603	善
604	喉
605	喘
606	喙
607	喜
608	喝
609	喧
610	喷
611	喻
612	嗅
613	嗔
614	嗜
615	嗟
616	嗣
617	嗤
618	嗷
619	嗽
620	嗾
621	嘈
622	嘉
623	嘎
624	嘏
625	嘒
626	嘘
627	嘱
628	嘲
629	嘴
630	嘶
631	嘹
632	噤
633	器
634	噪
635	噫
636	噬
637	嚣
638	嚬
639	嚼
640	囊
641	囋
642	囚
643	四
644	回
645	因
646	团
647	园
648	困
649	围
650	囷
651	固
652	国
653	图
654	囿
655	圃
656	圆
657	圈
658	圉
659	圜
660	土
661	圣
662	在
663	圭
664	圯
665	地
666	场
667	圻
668	坂
669	均
670	坊
671	坎
672	坏
673	坐
674	坑
675	坚
676	坛
677	坞
678	坟
679	坠
680	坡
681	坤
682	坦
683	坪
684	坼
685	垂
686	垄
687	垆
688	垍
689	垒
690	垓
691	垢
692	垣
693	垤
694	垦
695	埃
696	埇
697	埋
698	城
699	埏
700	埒
701	域
702	埤
703	埭
704	基
705	堂
706	堆
707	堑
708	堕
709	堞
710	堠
711	堡
712	堤
713	堪
714	堰
715	堵
716	塍
717	塔
718	塘
719	塞
720	塠
721	填
722	墀
723	境
724	墅
725	墉
726	墓
727	墙
728	增
729	墟
730	墨
731	壁
732	壑
733	壤
734	士
735	壬
736	壮
737	声
738	壳
739	壶
740	处
741	备
742	复
743	夏
744	夐
745	夔
746	夕
747	外
748	多
749	夜
750	夤
751	大
752	天
753	太
754	夫
755	夭
756	央
757	失
758	头
759	夷
760	夸
761	夹
762	夺
763	奇
764	奈
765	奉
766	奋
767	奏
768	契
769	奔
770	奕
771	奖
772	奘
773	奚
774	奠
775	奢
776	女
777	奴
778	奸
779	好
780	如
781	妃
782	妄
783	妆
784	妇
785	妍
786	妒
787	妓
788	妖
789	妙
790	妤
791	妨
792	妩
793	妹
794	妻
795	妾
796	姊
797	始
798	姑
799	姒
800	姓
801	委
802	姚
803	姜
804	姝
805	姥
806	姨
807	姬
808	姮
809	姹
810	姻
811	姿
812	威
813	娃
814	娄
815	娆
816	娇
817	娉
818	娑
819	娘
820	娜
821	娟
822	娥
823	娱
824	娵
825	娶
826	娼
827	婀
828	婆
829	婉
830	婑
831	婕
832	婚
833	婢
834	婴
835	婵
836	婷
837	婺
838	婿
839	媒
840	媚
841	媠
842	媸
843	嫁
844	嫂
845	嫌
846	嫔
847	嫖
848	嫡
849	嫦
850	嫩
851	嫫
852	嬉
853	嬴
854	嬿
855	孀
856	子
857	孑
858	孔
859	字
860	存
861	孙
862	孚
863	孝
864	孟
865	季
866	孤
867	孥
868	学
869	孩
870	孰
871	孱
872	孺
873	孽
874	宁
875	它
876	宅
877	宇
878	守
879	安
880	宋
881	宏
882	宓
883	宗
884	官
885	定
886	宛
887	宜
888	宝
889	实
890	宠
891	审
892	客
893	宣
894	室
895	宥
896	宦
897	宪
898	宫
899	宰
900	害
901	宴
902	宵
903	家
904	宸
905	容
906	宽
907	宾
908	宿
909	寀
910	寂
911	寄
912	寅
913	密
914	寇
915	富
916	寐
917	寒
918	寓
919	寝
920	寞
921	察
922	寡
923	寤
924	寥
925	寨
926	寮
927	寰
928	寸
929	对
930	寺
931	寻
932	导
933	寿
934	封
935	射
936	将
937	尉
938	尊
939	小
940	少
941	尔
942	尖
943	尘
944	尚
945	尝
946	尤
947	尧
948	就
949	尸
950	尹
951	尺
952	尼
953	尽
954	尾
955	局
956	层
957	居
958	屈
959	屋
960	屎
961	屏
962	屐
963	屑
964	展
965	属
966	屟
967	屠
968	屡
969	屣
970	履
971	屦
972	屯
973	山
974	屿
975	岁
976	岂
977	岏
978	岐
979	岑
980	岖
981	岗
982	岘
983	岙
984	岚
985	岛
986	岧
987	岩
988	岫
989	岭
990	岱
991	岳
992	岷
993	岸
994	峄
995	峒
996	峙
997	峡
998	峣
999	峤
1000	峥
1001	峦
1002	峨
1003	峭
1004	峰
1005	峻
1006	崆
1007	崇
1008	崎
1009	崒
1010	崔
1011	崖
1012	崟
1013	崦
1014	崧
1015	崩
1016	崿
1017	嵇
1018	嵋
1019	嵌
1020	嵍
1021	嵘
1022	嵩
1023	嵬
1024	嵯
1025	嶂
1026	嶙
1027	嶮
1028	巂
1029	巅
1030	巇
1031	巍
1032	巏
1033	巑
1034	巘
1035	川
1036	州
1037	巡
1038	巢
1039	工
1040	左
1041	巧
1042	巨
1043	巩
1044	巫
1045	差
1046	己
1047	已
1048	巳
1049	巴
1050	巷
1051	巾
1052	币
1053	市
1054	布
1055	帅
1056	帆
1057	师
1058	希
1059	帏
1060	帐
1061	帔
1062	帕
1063	帖
1064	帘
1065	帙
1066	帚
1067	帛
1068	帜
1069	帝
1070	带
1071	席
1072	帷
1073	常
1074	帻
1075	帽
1076	幂
1077	幄
1078	幅
1079	幌
1080	幔
1081	幕
1082	幛
1083	幞
1084	幡
1085	幢
1086	幨
1087	干
1088	平
1089	年
1090	并
1091	幸
1092	幻
1093	幼
1094	幽
1095	广
1096	庄
1097	庆
1098	庇
1099	床
1100	序
1101	庐
1102	库
1103	应
1104	底
1105	庖
1106	店
1107	庙
1108	庚
1109	府
1110	庞
1111	废
1112	庠
1113	度
1114	座
1115	庭
1116	庵
1117	庶
1118	康
1119	庸
1120	庾
1121	廉
1122	廊
1123	廓
1124	廖
1125	廛
1126	廨
1127	延
1128	廷
1129	建
1130	开
1131	弁
1132	异
1133	弃
1134	弄
1135	弈
1136	弊
1137	弋
1138	式
1139	弓
1140	引
1141	弗
1142	弘
1143	弝
1144	弟
1145	张
1146	弥
1147	弦
1148	弯
1149	弱
1150	弹
1151	强
1152	弼
1153	归
1154	当
1155	录
1156	彗
1157	彝
1158	形
1159	彤
1160	彦
1161	彧
1162	彩
1163	彭
1164	彰
1165	影
1166	役
1167	彻
1168	彼
1169	往
1170	征
1171	径
1172	待
1173	徉
1174	徊
1175	律
1176	徐
1177	徒
1178	得
1179	徘
1180	徙
1181	徜
1182	御
1183	循
1184	微
1185	徵
1186	德
1187	徼
1188	徽
1189	心
1190	必
1191	忆
1192	忌
1193	忍
1194	忒
1195	志
1196	忘
1197	忙
1198	忝
1199	忠
1200	忤
1201	忧
1202	快
1203	念
1204	忽
1205	忿
1206	怀
1207	态
1208	怅
1209	怆
1210	怒
1211	怕
1212	怜
1213	思
1214	怡
1215	急
1216	性
1217	怨
1218	怪
1219	怯
1220	总
1221	恁
1222	恃
1223	恋
1224	恍
1225	恐
1226	恒
1227	恓
1228	恙
1229	恣
1230	恨
1231	恩
1232	恭
1233	息
1234	恰
1235	恳
1236	恶
1237	恸
1238	恻
1239	恼
1240	恽
1241	悄
1242	悔
1243	悖
1244	悟
1245	悠
1246	患
1247	悦
1248	悬
1249	悭
1250	悯
1251	悲
1252	悴
1253	悼
1254	情
1255	惆
1256	惊
1257	惑
1258	惘
1259	惜
1260	惟
1261	惠
1262	惧
1263	惨
1264	惩
1265	惬
1266	惭
1267	惮
1268	惯
1269	惰
1270	想
1271	惶
1272	惹
1273	惺
1274	愁
1275	愈
1276	愉
1277	愍
1278	意
1279	愚
1280	感
1281	愠
1282	愤
1283	愧
1284	愿
1285	慈
1286	慎
1287	慕
1288	慢
1289	慧
1290	慨
1291	慰
1292	慵
1293	慷
1294	憀
1295	憁
1296	憎
1297	憔
1298	憧
1299	憩
1300	懊
1301	懋
1302	懒
1303	懦
1304	懿
1305	戈
1306	戊
1307	戌
1308	戍
1309	戎
1310	戏
1311	成
1312	我
1313	戒
1314	或
1315	战
1316	戚
1317	戛
1318	戟
1319	戡
1320	戢
1321	截
1322	戬
1323	戮
1324	戴
1325	户
1326	戽
1327	戾
1328	房
1329	所
1330	扁
1331	扃
1332	扆
1333	扇
1334	扈
1335	扉
1336	手
1337	才
1338	扑
1339	打
1340	托
1341	扛
1342	扣
1343	执
1344	扪
1345	扫
1346	扬
1347	扰
1348	扶
1349	批
1350	承
1351	抄
1352	把
1353	抒
1354	抓
1355	投
1356	抖
1357	抗
1358	折
1359	抚
1360	抛
1361	护
1362	报
1363	披
1364	抬
1365	抱
1366	抵
1367	抹
1368	押
1369	抽
1370	拂
1371	拄
1372	担
1373	拆
1374	拈
1375	拉
1376	拊
1377	拍
1378	拏
1379	拒
1380	拔
1381	拖
1382	拗
1383	拘
1384	拙
1385	拚
1386	招
1387	拜
1388	拟
1389	拢
1390	拣
1391	拥
1392	拨
1393	择
1394	括
1395	拭
1396	拯
1397	拱
1398	拳
1399	拽
1400	拾
1401	持
1402	挂
1403	指
1404	挈
1405	按
1406	挑
1407	挞
1408	挟
1409	挠
1410	挥
1411	挫
1412	振
1413	挲
1414	挼
1415	挽
1416	捉
1417	捋
1418	捎
1419	捏
1420	捐
1421	捕
1422	损
1423	换
1424	捣
1425	捧
1426	据
1427	捷
1428	捺
1429	捻
1430	掀
1431	掁
1432	授
1433	掉
1434	掌
1435	排
1436	掖
1437	掘
1438	掞
1439	掠
1440	探
1441	掣
1442	接
1443	控
1444	推
1445	掩
1446	措
1447	掬
1448	掷
1449	掾
1450	掿
1451	揉
1452	描
1453	提
1454	插
1455	揖
1456	握
1457	揭
1458	揲
1459	援
1460	揽
1461	搅
1462	搏
1463	搓
1464	搔
1465	搜
1466	搢
1467	搭
1468	携
1469	摄
1470	摆
1471	摇
1472	摐
1473	摘
1474	摛
1475	摧
1476	摩
1477	摭
1478	摴
1479	摵
1480	撒
1481	撚
1482	撩
1483	播
1484	撮
1485	撰
1486	撷
1487	撼
1488	擅
1489	操
1490	擎
1491	擒
1492	擘
1493	擞
1494	擢
1495	攀
1496	攒
1497	攘
1498	攫
1499	支
1500	收
1501	攸
1502	改
1503	攻
1504	放
1505	政
1506	故
1507	效
1508	敌
1509	敏
1510	救
1511	敕
1512	敖
1513	教
1514	敛
1515	敝
1516	敞
1517	敢
1518	散
1519	敬
1520	数
1521	敲
1522	整
1523	敷
1524	文
1525	斋
1526	斐
1527	斑
1528	斒
1529	斓
1530	斗
1531	料
1532	斛
1533	斜
1534	斝
1535	斟
1536	斤
1537	斧
1538	斩
1539	斫
1540	断
1541	斯
1542	新
1543	方
1544	於
1545	施
1546	旁
1547	旂
1548	旃
1549	旄
1550	旅
1551	旆
1552	旋
1553	旌
1554	族
1555	旐
1556	旒
1557	旗
1558	旞
1559	旟
1560	无
1561	既
1562	日
1563	旦
1564	旧
1565	旨
1566	早
1567	旬
1568	旭
1569	旰
1570	旱
1571	时
1572	旷
1573	旻
1574	昂
1575	昆
1576	昉
1577	昊
1578	昌
1579	明
1580	昏
1581	易
1582	昔
1583	昙
1584	星
1585	映
1586	春
1587	昧
1588	昨
1589	昭
1590	是
1591	昱
1592	昶
1593	昼
1594	显
1595	晁
1596	晃
1597	晊
1598	晋
1599	晏
1600	晒
1601	晓
1602	晕
1603	晖
1604	晚
1605	晞
1606	晡
1607	晤
1608	晦
1609	晨
1610	普
1611	景
1612	晰
1613	晴
1614	晶
1615	智
1616	暂
1617	暄
1618	暇
1619	暑
1620	暖
1621	暗
1622	暝
1623	暨
1624	暮
1625	暴
1626	暹
1627	曈
1628	曙
1629	曛
1630	曜
1631	曝
1632	曦
1633	曰
1634	曲
1635	曳
1636	更
1637	曷
1638	曹
1639	曼
1640	曾
1641	替
1642	最
1643	月
1644	有
1645	朋
1646	服
1647	朏
1648	朔
1649	朗
1650	望
1651	朝
1652	期
1653	朣
1654	朦
1655	木
1656	未
1657	末
1658	本
1659	札
1660	朮
1661	术
1662	朱
1663	朴
1664	朵
1665	机
1666	朽
1667	朿
1668	杀
1669	杂
1670	权
1671	杆
1672	杉
1673	李
1674	杏
1675	材
1676	村
1677	杓
1678	杖
1679	杜
1680	杞
1681	束
1682	条
1683	来
1684	杨
1685	杪
1686	杭
1687	杯
1688	杰
1689	杳
1690	杵
1691	杷
1692	杼
1693	松
1694	板
1695	极
1696	构
1697	枇
1698	枉
1699	枕
1700	林
1701	枚
1702	果
1703	枝
1704	枢
1705	枣
1706	枥
1707	枨
1708	枪
1709	枫
1710	枭
1711	枯
1712	枰
1713	枳
1714	架
1715	枸
1716	枿
1717	柄
1718	柏
1719	柑
1720	染
1721	柔
1722	柘
1723	柚
1724	柝
1725	查
1726	柬
1727	柯
1728	柱
1729	柳
1730	柴
1731	柿
1732	栀
1733	栅
1734	标
1735	栈
1736	栉
1737	栊
1738	栋
1739	栎
1740	栏
1741	树
1742	栖
1743	栗
1744	校
1745	株
1746	样
1747	根
1748	格
1749	栽
1750	栾
1751	桀
1752	桂
1753	桃
1754	案
1755	桐
1756	桑
1757	桓
1758	桔
1759	桡
1760	桢
1761	桤
1762	桥
1763	桧
1764	桨
1765	桴
1766	桷
1767	梁
1768	梅
1769	梓
1770	梗
1771	梢
1772	梦
1773	梧
1774	梨
1775	梭
1776	梯
1777	梳
1778	梵
1779	检
1780	棂
1781	棉
1782	棋
1783	棒
1784	棕
1785	棘
1786	棚
1787	棠
1788	棣
1789	棨
1790	森
1791	棱
1792	棹
1793	棼
1794	植
1795	椎
1796	椒
1797	椰
1798	楖
1799	楗
1800	楚
1801	楞
1802	楠
1803	楢
1804	楫
1805	楮
1806	楷
1807	楸
1808	楹
1809	楼
1810	概
1811	榆
1812	榇
1813	榈
1814	榉
1815	榔
1816	榕
1817	榛
1818	榜
1819	榭
1820	榴
1821	榻
1822	榼
1823	槁
1824	槌
1825	槎
1826	槐
1827	槔
1828	槛
1829	槲
1830	槽
1831	槿
1832	樊
1833	樗
1834	樟
1835	模
1836	横
1837	樬
1838	樯
1839	樱
1840	樵
1841	樽
1842	橐
1843	橘
1844	橙
1845	橛
1846	橡
1847	橹
1848	檀
1849	檄
1850	檐
1851	檗
1852	檠
1853	檿
1854	櫜
1855	欠
1856	次
1857	欢
1858	欣
1859	欧
1860	欲
1861	欹
1862	欺
1863	款
1864	歆
1865	歇
1866	歈
1867	歊
1868	歌
1869	歙
1870	止
1871	正
1872	此
1873	步
1874	武
1875	歧
1876	死
1877	殁
1878	殃
1879	殄
1880	殉
1881	殊
1882	残
1883	殡
1884	殢
1885	殴
1886	段
1887	殷
1888	殿
1889	毁
1890	毂
1891	毅
1892	毋
1893	母
1894	每
1895	毒
1896	毓
1897	比
1898	毕
1899	毗
1900	毙
1901	毛
1902	毡
1903	毫
1904	毯
1905	毳
1906	毵
1907	毷
1908	氅
1909	氉
1910	氎
1911	氏
1912	民
1913	气
1914	氛
1915	氤
1916	氲
1917	水
1918	永
1919	汀
1920	汁
1921	求
1922	汉
1923	汍
1924	汗
1925	汜
1926	汝
1927	汞
1928	江
1929	池
1930	污
1931	汤
1932	汧
1933	汨
1934	汩
1935	汪
1936	汰
1937	汲
1938	汴
1939	汶
1940	汾
1941	沁
1942	沂
1943	沃
1944	沅
1945	沆
1946	沈
1947	沉
1948	沌
1949	沐
1950	沔
1951	沙
1952	沛
1953	沟
1954	没
1955	沣
1956	沤
1957	沥
1958	沦
1959	沧
1960	沫
1961	沱
1962	河
1963	沴
1964	沸
1965	油
1966	治
1967	沼
1968	沽
1969	沾
1970	沿
1971	泄
1972	泉
1973	泊
1974	泌
1975	泓
1976	法
1977	泗
1978	泛
1979	泜
1980	泠
1981	泡
1982	波
1983	泣
1984	泥
1985	注
1986	泪
1987	泫
1988	泬
1989	泯
1990	泰
1991	泱
1992	泷
1993	泸
1994	泻
1995	泼
1996	泽
1997	泾
1998	洁
1999	洋
2000	洎
2001	洒
2002	洗
2003	洙
2004	洛
2005	洞
2006	津
2007	洧
2008	洪
2009	洭
2010	洮
2011	洲
2012	洴
2013	洵
2014	活
2015	洽
2016	派
2017	洿
2018	流
2019	浃
2020	浅
2021	浆
2022	浇
2023	浊
2024	测
2025	济
2026	浐
2027	浑
2028	浓
2029	浔
2030	浙
2031	浣
2032	浥
2033	浦
2034	浩
2035	浪
2036	浮
2037	浯
2038	浴
2039	海
2040	浸
2041	浼
2042	涂
2043	消
2044	涉
2045	涌
2046	涓
2047	涔
2048	涕
2049	涛
2050	涟
2051	涤
2052	润
2053	涧
2054	涨
2055	涩
2056	涪
2057	涯
2058	液
2059	涴
2060	涵
2061	涿
2062	淄
2063	淅
2064	淇
2065	淋
2066	淑
2067	淘
2068	淙
2069	淝
2070	淡
2071	淫
2072	淬
2073	淮
2074	深
2075	淳
2076	混
2077	淹
2078	添
2079	淼
2080	清
2081	渊
2082	渌
2083	渍
2084	渎
2085	渐
2086	渑
2087	渔
2088	渚
2089	渝
2090	渠
2091	渡
2092	渤
2093	渥
2094	温
2095	渭
2096	港
2097	渴
2098	游
2099	渺
2100	湄
2101	湋
2102	湓
2103	湖
2104	湘
2105	湛
2106	湟
2107	湮
2108	湲
2109	湾
2110	湿
2111	溅
2112	溆
2113	源
2114	溘
2115	溜
2116	溟
2117	溢
2118	溪
2119	溯
2120	溱
2121	溳
2122	溶
2123	溺
2124	溽
2125	滁
2126	滂
2127	滋
2128	滑
2129	滓
2130	滔
2131	滕
2132	滚
2133	滞
2134	滟
2135	满
2136	滥
2137	滨
2138	滩
2139	滪
2140	滴
2141	滹
2142	漂
2143	漆
2144	漉
2145	漏
2146	漓
2147	演
2148	漙
2149	漠
2150	漫
2151	漱
2152	漳
2153	漾
2154	潇
2155	潋
2156	潏
2157	潘
2158	潜
2159	潞
2160	潢
2161	潦
2162	潭
2163	潮
2164	潸
2165	潺
2166	潼
2167	潾
2168	澄
2169	澈
2170	澌
2171	澜
2172	澥
2173	澧
2174	澹
2175	澼
2176	激
2177	濆
2178	濑
2179	濛
2180	濠
2181	濡
2182	濩
2183	濬
2184	濮
2185	濯
2186	瀍
2187	瀑
2188	瀛
2189	瀣
2190	瀰
2191	瀺
2192	灂
2193	灉
2194	灌
2195	灞
2196	火
2197	灭
2198	灯
2199	灰
2200	灵
2201	灶
2202	灸
2203	灼
2204	灾
2205	灿
2206	炀
2207	炉
2208	炊
2209	炎
2210	炙
2211	炫
2212	炬
2213	炭
2214	炯
2215	炷
2216	点
2217	炼
2218	炽
2219	烁
2220	烂
2221	烈
2222	烘
2223	烛
2224	烟
2225	烦
2226	烧
2227	烬
2228	热
2229	烹
2230	烽
2231	焉
2232	焙
2233	焚
2234	焦
2235	焰
2236	然
2237	煌
2238	煎
2239	煞
2240	照
2241	煮
2242	熊
2243	熏
2244	熔
2245	熙
2246	熟
2247	熳
2248	燂
2249	燃
2250	燎
2251	燕
2252	燖
2253	燧
2254	燮
2255	爆
2256	爇
2257	爨
2258	爪
2259	爱
2260	爵
2261	父
2262	爷
2263	爽
2264	牁
2265	牂
2266	片
2267	版
2268	牌
2269	牍
2270	牒
2271	牖
2272	牙
2273	牛
2274	牝
2275	牟
2276	牡
2277	牢
2278	牧
2279	物
2280	牲
2281	牵
2282	牷
2283	特
2284	牺
2285	犀
2286	犁
2287	犊
2288	犍
2289	犒
2290	犬
2291	犯
2292	状
2293	犹
2294	狂
2295	狄
2296	狎
2297	狐
2298	狖
2299	狗
2300	狞
2301	狡
2302	狩
2303	独
2304	狭
2305	狱
2306	狻
2307	狼
2308	猊
2309	猎
2310	猕
2311	猗
2312	猛
2313	猜
2314	猧
2315	猩
2316	猪
2317	猫
2318	猬
2319	献
2320	猱
2321	猴
2322	猷
2323	猿
2324	獒
2325	獭
2326	獹
2327	玄
2328	率
2329	玉
2330	王
2331	玎
2332	玑
2333	玕
2334	玚
2335	玠
2336	玢
2337	玦
2338	玩
2339	玫
2340	玭
2341	环
2342	现
2343	玲
2344	玳
2345	玷
2346	玺
2347	珀
2348	珂
2349	珉
2350	珊
2351	珍
2352	珑
2353	珠
2354	珥
2355	珦
2356	珪
2357	班
2358	珮
2359	珰
2360	珽
2361	球
2362	琅
2363	理
2364	琉
2365	琊
2366	琐
2367	琚
2368	琢
2369	琤
2370	琥
2371	琨
2372	琪
2373	琯
2374	琳
2375	琴
2376	琵
2377	琶
2378	琼
2379	瑀
2380	瑁
2381	瑕
2382	瑗
2383	瑚
2384	瑜
2385	瑞
2386	瑟
2387	瑰
2388	瑶
2389	瑾
2390	璀
2391	璁
2392	璃
2393	璇
2394	璘
2395	璜
2396	璞
2397	璠
2398	璧
2399	璨
2400	璩
2401	璪
2402	璿
2403	瓒
2404	瓓
2405	瓘
2406	瓜
2407	瓠
2408	瓢
2409	瓣
2410	瓦
2411	瓮
2412	瓯
2413	瓶
2414	瓷
2415	甃
2416	甄
2417	甍
2418	甘
2419	甚
2420	甜
2421	生
2422	甥
2423	用
2424	甪
2425	甫
2426	甬
2427	甯
2428	田
2429	由
2430	甲
2431	申
2432	电
2433	男
2434	甸
2435	画
2436	畅
2437	畋
2438	界
2439	畎
2440	畏
2441	畔
2442	留
2443	畛
2444	略
2445	畦
2446	番
2447	畬
2448	畴
2449	畿
2450	疆
2451	疏
2452	疑
2453	疗
2454	疟
2455	疮
2456	疲
2457	疵
2458	疹
2459	疼
2460	疽
2461	疾
2462	痁
2463	痄
2464	病
2465	痊
2466	痎
2467	痒
2468	痕
2469	痛
2470	痡
2471	痴
2472	痾
2473	瘁
2474	瘕
2475	瘗
2476	瘦
2477	瘴
2478	瘵
2479	瘿
2480	癖
2481	登
2482	白
2483	百
2484	皂
2485	的
2486	皆
2487	皇
2488	皋
2489	皎
2490	皑
2491	皓
2492	皖
2493	皞
2494	皤
2495	皪
2496	皮
2497	皱
2498	皴
2499	盂
2500	盆
2501	盈
2502	益
2503	盏
2504	盐
2505	监
2506	盖
2507	盗
2508	盘
2509	盛
2510	盟
2511	盥
2512	盩
2513	目
2514	盱
2515	直
2516	相
2517	省
2518	眄
2519	眇
2520	眉
2521	眊
2522	看
2523	眙
2524	真
2525	眠
2526	眩
2527	眯
2528	眷
2529	眸
2530	眺
2531	眼
2532	着
2533	睛
2534	睡
2535	睢
2536	睦
2537	睫
2538	睹
2539	睿
2540	瞋
2541	瞑
2542	瞤
2543	瞥
2544	瞩
2545	瞪
2546	瞬
2547	瞰
2548	瞳
2549	瞻
2550	瞽
2551	瞿
2552	矍
2553	矗
2554	矛
2555	矜
2556	矢
2557	矣
2558	知
2559	矫
2560	短
2561	矮
2562	矰
2563	石
2564	矶
2565	砂
2566	砌
2567	砑
2568	研
2569	砖
2570	砚
2571	砥
2572	砧
2573	砰
2574	破
2575	砺
2576	砾
2577	硕
2578	硖
2579	硫
2580	硬
2581	确
2582	碍
2583	碎
2584	碑
2585	碗
2586	碛
2587	碟
2588	碣
2589	碧
2590	碪
2591	碾
2592	磊
2593	磐
2594	磨
2595	磬
2596	磴
2597	磷
2598	磻
2599	磾
2600	礓
2601	示
2602	礼
2603	社
2604	礿
2605	祀
2606	祅
2607	祇
2608	祈
2609	祉
2610	祐
2611	祓
2612	祖
2613	祗
2614	祚
2615	祜
2616	祝
2617	神
2618	祠
2619	祢
2620	祥
2621	祭
2622	祯
2623	祲
2624	祷
2625	祸
2626	禀
2627	禁
2628	禄
2629	禅
2630	禊
2631	禋
2632	福
2633	禔
2634	禳
2635	禹
2636	禺
2637	离
2638	禽
2639	禾
2640	秀
2641	私
2642	秃
2643	秉
2644	秋
2645	种
2646	科
2647	秕
2648	秘
2649	租
2650	秣
2651	秤
2652	秦
2653	秩
2654	秭
2655	积
2656	称
2657	移
2658	秽
2659	秾
2660	稀
2661	稊
2662	程
2663	稍
2664	税
2665	稚
2666	稠
2667	稳
2668	稷
2669	稹
2670	稻
2671	稼
2672	稽
2673	穆
2674	穑
2675	穗
2676	穟
2677	穰
2678	穴
2679	穷
2680	穹
2681	空
2682	穿
2683	突
2684	窃
2685	窄
2686	窅
2687	窈
2688	窍
2689	窑
2690	窕
2691	窖
2692	窗
2693	窘
2694	窜
2695	窝
2696	窟
2697	窠
2698	窥
2699	窦
2700	立
2701	竖
2702	竞
2703	竟
2704	章
2705	童
2706	竭
2707	端
2708	竹
2709	竺
2710	竿
2711	笄
2712	笈
2713	笋
2714	笑
2715	笔
2716	笙
2717	笛
2718	笞
2719	笠
2720	笥
2721	符
2722	第
2723	笳
2724	笺
2725	笼
2726	筇
2727	等
2728	筋
2729	筐
2730	筑
2731	筒
2732	答
2733	策
2734	筚
2735	筜
2736	筝
2737	筠
2738	筮
2739	筰
2740	筱
2741	筵
2742	筹
2743	筼
2744	签
2745	简
2746	箓
2747	箔
2748	箕
2749	算
2750	箜
2751	箠
2752	管
2753	箧
2754	箨
2755	箪
2756	箫
2757	箬
2758	箭
2759	箱
2760	箸
2761	篁
2762	篆
2763	篇
2764	篌
2765	篙
2766	篝
2767	篡
2768	篦
2769	篮
2770	篱
2771	篷
2772	篸
2773	簇
2774	簟
2775	簦
2776	簧
2777	簨
2778	簪
2779	簰
2780	簴
2781	簿
2782	籁
2783	籍
2784	籞
2785	籥
2786	米
2787	籴
2788	类
2789	粉
2790	粒
2791	粗
2792	粘
2793	粟
2794	粢
2795	粥
2796	粪
2797	粮
2798	粱
2799	粲
2800	粳
2801	粼
2802	精
2803	糜
2804	糟
2805	糠
2806	糵
2807	系
2808	素
2809	索
2810	紧
2811	紫
2812	累
2813	絇
2814	絮
2815	綀
2816	綦
2817	緌
2818	縠
2819	縯
2820	繁
2821	繇
2822	纚
2823	纡
2824	红
2825	纣
2826	纤
2827	约
2828	级
2829	纨
2830	纪
2831	纫
2832	纬
2833	纮
2834	纯
2835	纱
2836	纲
2837	纳
2838	纵
2839	纶
2840	纷
2841	纸
2842	纹
2843	纺
2844	纻
2845	线
2846	绀
2847	绂
2848	练
2849	组
2850	绅
2851	细
2852	织
2853	终
2854	绊
2855	绋
2856	绍
2857	绎
2858	经
2859	结
2860	绕
2861	绘
2862	给
2863	绚
2864	绛
2865	络
2866	绝
2867	统
2868	绠
2869	绡
2870	绢
2871	绣
2872	绦
2873	继
2874	绩
2875	绪
2876	绫
2877	续
2878	绮
2879	绯
2880	绰
2881	绳
2882	维
2883	绵
2884	绶
2885	绷
2886	绸
2887	绻
2888	绽
2889	绾
2890	绿
2891	缀
2892	缁
2893	缄
2894	缆
2895	缇
2896	缈
2897	缉
2898	缋
2899	缑
2900	缓
2901	缕
2902	编
2903	缗
2904	缘
2905	缚
2906	缝
2907	缟
2908	缠
2909	缣
2910	缥
2911	缧
2912	缨
2913	缩
2914	缪
2915	缫
2916	缬
2917	缭
2918	缯
2919	缱
2920	缲
2921	缴
2922	缶
2923	缸
2924	缺
2925	罅
2926	罍
2927	网
2928	罕
2929	罗
2930	罘
2931	罚
2932	罟
2933	罢
2934	罥
2935	罨
2936	罩
2937	罪
2938	置
2939	署
2940	罳
2941	罴
2942	罹
2943	罽
2944	罾
2945	羁
2946	羊
2947	羌
2948	美
2949	羑
2950	羔
2951	羞
2952	羡
2953	群
2954	羯
2955	羲
2956	羸
2957	羹
2958	羽
2959	羿
2960	翁
2961	翃
2962	翅
2963	翊
2964	翎
2965	翔
2966	翕
2967	翘
2968	翛
2969	翟
2970	翠
2971	翡
2972	翣
2973	翥
2974	翦
2975	翩
2976	翮
2977	翰
2978	翱
2979	翳
2980	翻
2981	翼
2982	翾
2983	耀
2984	老
2985	考
2986	者
2987	耆
2988	而
2989	耍
2990	耐
2991	耒
2992	耕
2993	耗
2994	耦
2995	耳
2996	耶
2997	耸
2998	耻
2999	耽
3000	耿
3001	聂
3002	聊
3003	聋
3004	职
3005	聒
3006	联
3007	聘
3008	聚
3009	聪
3010	聶
3011	肃
3012	肆
3013	肇
3014	肉
3015	肋
3016	肌
3017	肓
3018	肝
3019	肠
3020	股
3021	肢
3022	肤
3023	肥
3024	肩
3025	肯
3026	肱
3027	育
3028	肺
3029	胃
3030	胄
3031	胆
3032	背
3033	胎
3034	胏
3035	胜
3036	胡
3037	胤
3038	胥
3039	胧
3040	胫
3041	胭
3042	胶
3043	胸
3044	能
3045	脁
3046	脂
3047	脆
3048	脉
3049	脊
3050	脍
3051	脐
3052	脑
3053	脔
3054	脚
3055	脱
3056	脸
3057	脾
3058	腊
3059	腐
3060	腔
3061	腕
3062	腥
3063	腮
3064	腰
3065	腴
3066	腷
3067	腹
3068	腻
3069	腾
3070	腿
3071	膊
3072	膏
3073	膑
3074	膘
3075	膜
3076	膝
3077	膳
3078	膺
3079	膻
3080	臂
3081	臆
3082	臊
3083	臣
3084	臧
3085	自
3086	至
3087	致
3088	臻
3089	臼
3090	臾
3091	舁
3092	舂
3093	舄
3094	舅
3095	舆
3096	舌
3097	舍
3098	舒
3099	舜
3100	舞
3101	舟
3102	航
3103	舫
3104	般
3105	舰
3106	舲
3107	舷
3108	舸
3109	船
3110	舼
3111	艇
3112	艎
3113	艑
3114	艓
3115	艛
3116	良
3117	艰
3118	色
3119	艳
3120	艺
3121	艾
3122	节
3123	芊
3124	芍
3125	芒
3126	芙
3127	芜
3128	芝
3129	芟
3130	芥
3131	芦
3132	芩
3133	芬
3134	芭
3135	芰
3136	花
3137	芳
3138	芷
3139	芸
3140	芹
3141	芽
3142	苇
3143	苍
3144	苎
3145	苏
3146	苑
3147	苒
3148	苓
3149	苔
3150	苗
3151	苛
3152	苜
3153	苞
3154	苟
3155	苡
3156	若
3157	苦
3158	苫
3159	英
3160	苴
3161	苻
3162	苾
3163	茂
3164	范
3165	茅
3166	茆
3167	茉
3168	茎
3169	茏
3170	茔
3171	茕
3172	茗
3173	茜
3174	茧
3175	茨
3176	茫
3177	茭
3178	茯
3179	茱
3180	茵
3181	茶
3182	茸
3183	茹
3184	荀
3185	荆
3186	荇
3187	草
3188	荍
3189	荏
3190	荐
3191	荑
3192	荒
3193	荔
3194	荚
3195	荜
3196	荞
3197	荠
3198	荡
3199	荣
3200	荤
3201	荥
3202	荧
3203	荪
3204	荫
3205	药
3206	荷
3207	荻
3208	莉
3209	莎
3210	莑
3211	莒
3212	莓
3213	莞
3214	莫
3215	莱
3216	莲
3217	获
3218	莹
3219	莺
3220	莼
3221	莽
3222	菁
3223	菅
3224	菊
3225	菌
3226	菖
3227	菜
3228	菟
3229	菡
3230	菩
3231	菰
3232	菱
3233	菲
3234	菼
3235	萄
3236	萋
3237	萌
3238	萍
3239	萎
3240	萏
3241	萝
3242	萤
3243	营
3244	萦
3245	萧
3246	萨
3247	萱
3248	萸
3249	萼
3250	落
3251	葆
3252	葓
3253	著
3254	葚
3255	葛
3256	葡
3257	董
3258	葩
3259	葫
3260	葬
3261	葭
3262	葱
3263	葳
3264	葵
3265	葺
3266	蒂
3267	蒋
3268	蒍
3269	蒙
3270	蒨
3271	蒯
3272	蒱
3273	蒲
3274	蒸
3275	蒹
3276	蒿
3277	蓂
3278	蓄
3279	蓉
3280	蓊
3281	蓑
3282	蓝
3283	蓟
3284	蓠
3285	蓦
3286	蓪
3287	蓬
3288	蓼
3289	蓿
3290	蔓
3291	蔚
3292	蔟
3293	蔡
3294	蔫
3295	蔬
3296	蔷
3297	蔻
3298	蔼
3299	蔽
3300	蕃
3301	蕉
3302	蕊
3303	蕖
3304	蕙
3305	蕡
3306	蕣
3307	蕤
3308	蕨
3309	蕲
3310	蕴
3311	薄
3312	薇
3313	薏
3314	薛
3315	薜
3316	薝
3317	薤
3318	薨
3319	薪
3320	薮
3321	薰
3322	藉
3323	藏
3324	藓
3325	藕
3326	藜
3327	藟
3328	藤
3329	藩
3330	藻
3331	藿
3332	蘋
3333	蘖
3334	蘘
3335	蘧
3336	蘸
3337	蘼
3338	虎
3339	虏
3340	虐
3341	虑
3342	虔
3343	虚
3344	虞
3345	虢
3346	虫
3347	虬
3348	虱
3349	虹
3350	虽
3351	虾
3352	蚀
3353	蚁
3354	蚊
3355	蚌
3356	蚓
3357	蚕
3358	蚨
3359	蚩
3360	蚯
3361	蛄
3362	蛇
3363	蛉
3364	蛊
3365	蛙
3366	蛛
3367	蛟
3368	蛤
3369	蛩
3370	蛭
3371	蛮
3372	蛰
3373	蛱
3374	蛴
3375	蛾
3376	蜀
3377	蜂
3378	蜃
3379	蜊
3380	蜍
3381	蜓
3382	蜘
3383	蜚
3384	蜜
3385	蜡
3386	蜩
3387	蜺
3388	蜻
3389	蜿
3390	蝀
3391	蝇
3392	蝉
3393	蝗
3394	蝙
3395	蝠
3396	蝴
3397	蝶
3398	蝼
3399	螀
3400	螂
3401	螃
3402	融
3403	螟
3404	螬
3405	螭
3406	螮
3407	螳
3408	螺
3409	蟀
3410	蟆
3411	蟋
3412	蟠
3413	蟪
3414	蟭
3415	蟹
3416	蟾
3417	蠙
3418	蠡
3419	蠹
3420	血
3421	行
3422	衍
3423	衎
3424	衔
3425	街
3426	衙
3427	衡
3428	衢
3429	衣
3430	补
3431	表
3432	衫
3433	衬
3434	衮
3435	衰
3436	衲
3437	衷
3438	衾
3439	衿
3440	袁
3441	袂
3442	袄
3443	袅
3444	袈
3445	袋
3446	袍
3447	袒
3448	袖
3449	袜
3450	被
3451	袭
3452	袴
3453	袷
3454	袿
3455	裁
3456	裂
3457	装
3458	裆
3459	裈
3460	裒
3461	裔
3462	裕
3463	裘
3464	裙
3465	裛
3466	裟
3467	裨
3468	裳
3469	裴
3470	裹
3471	裾
3472	褐
3473	褒
3474	褚
3475	褥
3476	褭
3477	褰
3478	褴
3479	襄
3480	襆
3481	襟
3482	襦
3483	襹
3484	西
3485	要
3486	覆
3487	见
3488	观
3489	规
3490	觅
3491	视
3492	览
3493	觉
3494	觐
3495	觑
3496	角
3497	觜
3498	觞
3499	解
3500	觥
3501	触
3502	言
3503	訾
3504	詹
3505	誉
3506	誓
3507	諲
3508	諴
3509	警
3510	譬
3511	讙
3512	讚
3513	计
3514	讣
3515	认
3516	讥
3517	讦
3518	讨
3519	让
3520	训
3521	议
3522	讯
3523	记
3524	讲
3525	讳
3526	讴
3527	讵
3528	讶
3529	许
3530	讹
3531	论
3532	讼
3533	讽
3534	设
3535	访
3536	诀
3537	证
3538	诃
3539	评
3540	识
3541	诈
3542	诉
3543	词
3544	诏
3545	译
3546	试
3547	诗
3548	诘
3549	诚
3550	诛
3551	诜
3552	话
3553	诞
3554	询
3555	诣
3556	诤
3557	诧
3558	诩
3559	诫
3560	语
3561	诮
3562	误
3563	诰
3564	诱
3565	诳
3566	说
3567	诵
3568	请
3569	诸
3570	诺
3571	读
3572	谁
3573	调
3574	谄
3575	谅
3576	谈
3577	谊
3578	谋
3579	谏
3580	谐
3581	谑
3582	谒
3583	谓
3584	谔
3585	谕
3586	谗
3587	谙
3588	谛
3589	谟
3590	谠
3591	谢
3592	谣
3593	谤
3594	谥
3595	谦
3596	谧
3597	谨
3598	谩
3599	谪
3600	谬
3601	谭
3602	谮
3603	谯
3604	谱
3605	谳
3606	谴
3607	谶
3608	谷
3609	谿
3610	豁
3611	豆
3612	豗
3613	豚
3614	象
3615	豪
3616	豫
3617	豳
3618	豸
3619	豹
3620	豺
3621	貂
3622	貅
3623	貌
3624	貔
3625	貙
3626	賸
3627	贝
3628	贞
3629	负
3630	贡
3631	财
3632	责
3633	贤
3634	败
3635	货
3636	质
3637	贪
3638	贫
3639	贬
3640	贮
3641	贯
3642	贰
3643	贱
3644	贳
3645	贴
3646	贵
3647	贶
3648	贷
3649	费
3650	贺
3651	贻
3652	贼
3653	贽
3654	贾
3655	贿
3656	赁
3657	赂
3658	资
3659	赊
3660	赋
3661	赌
3662	赍
3663	赎
3664	赏
3665	赐
3666	赓
3667	赖
3668	赚
3669	赛
3670	赞
3671	赠
3672	赡
3673	赢
3674	赤
3675	赦
3676	赫
3677	赭
3678	走
3679	赴
3680	赵
3681	赶
3682	起
3683	趁
3684	超
3685	越
3686	趋
3687	趣
3688	足
3689	趺
3690	趾
3691	跁
3692	跂
3693	跃
3694	跋
3695	跎
3696	跑
3697	跒
3698	跗
3699	跛
3700	距
3701	跨
3702	跪
3703	跬
3704	路
3705	跳
3706	践
3707	跸
3708	跻
3709	跼
3710	踊
3711	踌
3712	踏
3713	踞
3714	踟
3715	踡
3716	踢
3717	踪
3718	踯
3719	踵
3720	蹀
3721	蹄
3722	蹇
3723	蹈
3724	蹉
3725	蹊
3726	蹋
3727	蹑
3728	蹙
3729	蹰
3730	蹲
3731	蹴
3732	蹶
3733	躅
3734	躇
3735	躔
3736	躞
3737	身
3738	躬
3739	輤
3740	輧
3741	輶
3742	车
3743	轧
3744	轨
3745	轩
3746	转
3747	轭
3748	轮
3749	软
3750	轰
3751	轲
3752	轳
3753	轴
3754	轵
3755	轶
3756	轸
3757	轺
3758	轻
3759	轼
3760	载
3761	辂
3762	较
3763	辄
3764	辅
3765	辇
3766	辈
3767	辉
3768	辋
3769	辍
3770	辎
3771	输
3772	辔
3773	辕
3774	辖
3775	辗
3776	辘
3777	辙
3778	辛
3779	辜
3780	辞
3781	辟
3782	辨
3783	辩
3784	辰
3785	辱
3786	边
3787	辽
3788	达
3789	迁
3790	迂
3791	过
3792	迈
3793	迎
3794	运
3795	近
3796	返
3797	还
3798	这
3799	进
3800	远
3801	违
3802	连
3803	迟
3804	迢
3805	迤
3806	迥
3807	迦
3808	迨
3809	迩
3810	迪
3811	迫
3812	迭
3813	述
3814	迷
3815	迸
3816	迹
3817	追
3818	退
3819	送
3820	适
3821	逃
3822	逅
3823	逆
3824	选
3825	逊
3826	逋
3827	逍
3828	透
3829	逐
3830	递
3831	途
3832	逗
3833	通
3834	逝
3835	逞
3836	速
3837	造
3838	逡
3839	逢
3840	逤
3841	逵
3842	逶
3843	逸
3844	逻
3845	逼
3846	逾
3847	遁
3848	遂
3849	遇
3850	遍
3851	遏
3852	遐
3853	遑
3854	道
3855	遗
3856	遣
3857	遥
3858	遨
3859	遭
3860	遮
3861	遵
3862	遽
3863	避
3864	邀
3865	邂
3866	邃
3867	邅
3868	邑
3869	邓
3870	邕
3871	邗
3872	邙
3873	邛
3874	邠
3875	邢
3876	那
3877	邦
3878	邧
3879	邪
3880	邮
3881	邯
3882	邳
3883	邴
3884	邵
3885	邸
3886	邹
3887	邺
3888	邻
3889	邽
3890	郁
3891	郄
3892	郅
3893	郊
3894	郎
3895	郏
3896	郑
3897	郓
3898	郡
3899	郢
3900	郤
3901	郦
3902	郧
3903	部
3904	郪
3905	郭
3906	郴
3907	郸
3908	都
3909	郾
3910	鄂
3911	鄏
3912	鄙
3913	鄜
3914	鄠
3915	鄢
3916	鄣
3917	鄱
3918	酂
3919	酆
3920	酉
3921	酊
3922	酌
3923	配
3924	酎
3925	酒
3926	酝
3927	酣
3928	酥
3929	酩
3930	酬
3931	酲
3932	酷
3933	酸
3934	酺
3935	酿
3936	醁
3937	醅
3938	醆
3939	醉
3940	醍
3941	醐
3942	醑
3943	醒
3944	醪
3945	醮
3946	醯
3947	醴
3948	醺
3949	醽
3950	采
3951	释
3952	里
3953	重
3954	野
3955	量
3956	釐
3957	金
3958	釜
3959	釭
3960	鈋
3961	鈒
3962	鉴
3963	銮
3964	鋋
3965	鏖
3966	鏚
3967	鐍
3968	针
3969	钉
3970	钏
3971	钓
3972	钗
3973	钝
3974	钞
3975	钟
3976	钤
3977	钥
3978	钦
3979	钧
3980	钩
3981	钱
3982	钲
3983	钵
3984	钺
3985	钻
3986	钿
3987	铁
3988	铃
3989	铄
3990	铅
3991	铉
3992	铎
3993	铓
3994	铗
3995	铘
3996	铜
3997	铢
3998	铤
3999	铨
4000	铭
4001	铮
4002	铰
4003	银
4004	铸
4005	铺
4006	铿
4007	销
4008	锁
4009	锄
4010	锉
4011	锋
4012	锐
4013	错
4014	锡
4015	锤
4016	锥
4017	锦
4018	锱
4019	锴
4020	锵
4021	锼
4022	镀
4023	镂
4024	镃
4025	镆
4026	镇
4027	镊
4028	镌
4029	镒
4030	镛
4031	镜
4032	镮
4033	镳
4034	长
4035	閈
4036	閟
4037	閤
4038	闉
4039	闓
4040	门
4041	闪
4042	闭
4043	问
4044	闰
4045	闱
4046	闲
4047	间
4048	闵
4049	闷
4050	闹
4051	闺
4052	闻
4053	闽
4054	闾
4055	阁
4056	阃
4057	阅
4058	阆
4059	阊
4060	阌
4061	阎
4062	阏
4063	阐
4064	阑
4065	阔
4066	阕
4067	阖
4068	阗
4069	阙
4070	阚
4071	队
4072	阡
4073	阮
4074	阱
4075	防
4076	阳
4077	阴
4078	阵
4079	阶
4080	阻
4081	阿
4082	陀
4083	陂
4084	附
4085	际
4086	陆
4087	陇
4088	陈
4089	陋
4090	陌
4091	降
4092	限
4093	陕
4094	陛
4095	陟
4096	院
4097	除
4098	陨
4099	险
4100	陪
4101	陵
4102	陶
4103	陷
4104	隅
4105	隆
4106	隈
4107	隋
4108	隍
4109	随
4110	隐
4111	隔
4112	隗
4113	隘
4114	隙
4115	障
4116	隰
4117	隳
4118	隶
4119	隼
4120	隽
4121	难
4122	雀
4123	雁
4124	雄
4125	雅
4126	集
4127	雇
4128	雉
4129	雌
4130	雍
4131	雎
4132	雏
4133	雕
4134	雘
4135	雠
4136	雨
4137	雩
4138	雪
4139	零
4140	雷
4141	雾
4142	霁
4143	霄
4144	霅
4145	震
4146	霍
4147	霎
4148	霏
4149	霓
4150	霖
4151	霜
4152	霞
4153	霭
4154	霰
4155	露
4156	霸
4157	霹
4158	青
4159	靓
4160	靖
4161	静
4162	非
4163	靠
4164	靡
4165	面
4166	靥
4167	革
4168	靴
4169	靸
4170	鞅
4171	鞋
4172	鞍
4173	鞘
4174	鞚
4175	鞞
4176	鞠
4177	鞦
4178	鞫
4179	鞬
4180	鞭
4181	鞮
4182	鞯
4183	鞲
4184	鞴
4185	韦
4186	韩
4187	韫
4188	韬
4189	音
4190	韵
4191	韶
4192	頔
4193	顶
4194	顷
4195	项
4196	顺
4197	须
4198	顽
4199	顾
4200	顿
4201	颁
4202	颂
4203	预
4204	领
4205	颇
4206	颈
4207	颉
4208	颊
4209	颋
4210	颍
4211	颐
4212	频
4213	颓
4214	颔
4215	颖
4216	颗
4217	题
4218	颙
4219	颛
4220	颜
4221	额
4222	颠
4223	颡
4224	颢
4225	颤
4226	颦
4227	风
4228	飏
4229	飐
4230	飒
4231	飕
4232	飖
4233	飗
4234	飘
4235	飙
4236	飞
4237	食
4238	飧
4239	飨
4240	餐
4241	饕
4242	饤
4243	饥
4244	饧
4245	饫
4246	饭
4247	饮
4248	饯
4249	饰
4250	饱
4251	饲
4252	饵
4253	饶
4254	饷
4255	饼
4256	饿
4257	馀
4258	馁
4259	馆
4260	馋
4261	馔
4262	首
4263	香
4264	馥
4265	馨
4266	駸
4267	騃
4268	騄
4269	騣
4270	騧
4271	驩
4272	马
4273	驭
4274	驮
4275	驯
4276	驰
4277	驱
4278	驳
4279	驴
4280	驷
4281	驸
4282	驹
4283	驺
4284	驻
4285	驼
4286	驽
4287	驾
4288	驿
4289	骀
4290	骁
4291	骂
4292	骄
4293	骅
4294	骆
4295	骇
4296	骈
4297	骊
4298	骋
4299	验
4300	骏
4301	骐
4302	骑
4303	骓
4304	骕
4305	骖
4306	骘
4307	骚
4308	骝
4309	骠
4310	骡
4311	骢
4312	骤
4313	骥
4314	骦
4315	骧
4316	骨
4317	骰
4318	骸
4319	髇
4320	髓
4321	高
4322	髡
4323	髦
4324	髫
4325	髭
4326	髯
4327	髻
4328	鬃
4329	鬐
4330	鬓
4331	鬟
4332	鬣
4333	鬯
4334	鬻
4335	鬼
4336	魁
4337	魂
4338	魃
4339	魄
4340	魅
4341	魇
4342	魏
4343	魑
4344	魔
4345	鮹
4346	鱼
4347	鲁
4348	鲈
4349	鲊
4350	鲍
4351	鲙
4352	鲛
4353	鲜
4354	鲤
4355	鲦
4356	鲭
4357	鲲
4358	鲵
4359	鲸
4360	鳊
4361	鳌
4362	鳖
4363	鳜
4364	鳞
4365	鳷
4366	鴂
4367	鴒
4368	鵩
4369	鶂
4370	鶋
4371	鶒
4372	鶗
4373	鶢
4374	鶺
4375	鸂
4376	鸊
4377	鸟
4378	鸠
4379	鸡
4380	鸢
4381	鸣
4382	鸥
4383	鸦
4384	鸨
4385	鸪
4386	鸬
4387	鸭
4388	鸯
4389	鸱
4390	鸳
4391	鸶
4392	鸷
4393	鸾
4394	鸿
4395	鹂
4396	鹃
4397	鹄
4398	鹅
4399	鹇
4400	鹈
4401	鹉
4402	鹊
4403	鹍
4404	鹏
4405	鹓
4406	鹔
4407	鹕
4408	鹗
4409	鹘
4410	鹙
4411	鹚
4412	鹜
4413	鹞
4414	鹤
4415	鹥
4416	鹦
4417	鹧
4418	鹫
4419	鹭
4420	鹯
4421	鹰
4422	鹳
4423	鹴
4424	鹿
4425	麈
4426	麋
4427	麒
4428	麓
4429	麛
4430	麝
4431	麟
4432	麦
4433	麴
4434	麹
4435	麻
4436	麾
4437	黁
4438	黄
4439	黍
4440	黎
4441	黏
4442	黑
4443	黔
4444	默
4445	黛
4446	黜
4447	黠
4448	黥
4449	黩
4450	黯
4451	黳
4452	鼋
4453	鼍
4454	鼎
4455	鼐
4456	鼓
4457	鼗
4458	鼙
4459	鼠
4460	鼻
4461	齐
4462	齑
4463	齖
4464	齰
4465	齿
4466	龀
4467	龄
4468	龆
4469	龊
4470	龌
4471	龙
4472	龚
4473	龛
4474	龟
4475	（
4476	）
4477	，
